uid,name,email,country,signup_date
100000000,Allison Hill,jillrhodes@miller.com,Djibouti,2024-08-02
100000001,Kristina Baldwin,shaneramirez@gmail.com,Senegal,2025-03-23
100000002,Jay Ramirez,curtis61@abbott-munoz.com,Saint Lucia,2024-06-27
100000003,Valerie Gray,barbara10@hotmail.com,Denmark,2025-02-26
100000004,Bobby Hall,oramirez@martin-kelly.com,Reunion,2025-07-03
100000005,Andrea Reid,stevennelson@watts.com,Denmark,2025-04-05
100000006,Ethan Adams,jason76@ellis.net,Martinique,2024-01-27
100000007,Jessica Silva,wendytaylor@yahoo.com,Bermuda,2025-02-13
100000008,Brian Burton,cruzcaitlin@yahoo.com,Malta,2024-01-18
100000009,Shannon Smith,kayla51@graham-chavez.com,Macao,2025-02-17
100000010,Thomas Harrell,ericfarmer@hotmail.com,Zimbabwe,2025-03-02
100000011,Tamara George,rodriguezmichael@yahoo.com,Dominican Republic,2023-08-20
100000012,Keith Miller,spenceamanda@gmail.com,Brunei Darussalam,2024-11-30
100000013,Joshua Baker,sarahcampos@hotmail.com,Cook Islands,2025-01-10
100000014,Zachary Santos,omartinez@gmail.com,Guadeloupe,2023-07-23
100000015,Crystal Robinson,perezrebecca@jones-young.info,Croatia,2024-08-28
100000016,Timothy Duncan,kristenaguirre@gmail.com,Bhutan,2023-09-20
100000017,Heather Jenkins,brownjessica@wright.net,Kiribati,2023-10-23
100000018,Donald Wright,jmorton@williams.com,Bermuda,2025-06-25
100000019,Cynthia Russell,michellebarrera@gmail.com,Hong Kong,2023-07-08
100000020,Mrs. Rachel Gibson,smoore@gmail.com,Azerbaijan,2024-09-28
100000021,Amy Edwards,hshaw@brown.com,Thailand,2023-11-28
100000022,Barry Hensley,davidashley@hotmail.com,Nauru,2023-08-06
100000023,Jennifer Silva,james53@yahoo.com,Indonesia,2023-10-16
100000024,Elizabeth Stewart,ellisyolanda@jones.net,Estonia,2023-10-17
100000025,Shirley Suarez,eric84@hotmail.com,Sri Lanka,2024-11-25
100000026,Mary Spencer,josephpreston@tran.com,Costa Rica,2024-12-21
100000027,Deborah Freeman,waltersmaria@smith.com,Central African Republic,2025-02-01
100000028,Michael Hoffman,landryhannah@gardner.org,Mexico,2023-10-30
100000029,Andrew Diaz,jason31@deleon-henson.biz,Nicaragua,2025-02-08
100000030,Timothy Hancock,vjohnson@patton-jenkins.com,Ethiopia,2023-11-07
100000031,Ashley Brennan,jamessellers@yahoo.com,Gambia,2025-04-04
100000032,Crystal Johnson,emurphy@bell-hicks.net,Greenland,2025-07-05
100000033,Shawn Green,rodriguezryan@hotmail.com,Solomon Islands,2024-03-06
100000034,William Wilson,bradley60@frost.com,Haiti,2024-06-05
100000035,Matthew Rivera,cortezkevin@yahoo.com,Papua New Guinea,2024-05-19
100000036,Michael Spencer,yortega@adkins.biz,Mayotte,2025-04-14
100000037,Dustin Jordan,rramos@gmail.com,Madagascar,2024-07-08
100000038,Toni Fitzgerald,zachary95@cardenas.com,Czech Republic,2025-03-24
100000039,Alexander Sanchez,gibsonolivia@hotmail.com,Congo,2025-01-14
100000040,Kathleen Sanchez,osbornejeffery@holmes.com,Korea,2023-10-18
100000041,Mary Travis,usalazar@hotmail.com,Japan,2025-04-12
100000042,Jill Moore,pgreen@hotmail.com,Falkland Islands (Malvinas),2025-02-20
100000043,Kari Allen,reevesjimmy@yahoo.com,Ghana,2025-05-30
100000044,Brenda Hall,calebrussell@owens.biz,United Kingdom,2025-02-23
100000045,Melissa Gates,wsmith@yahoo.com,Sao Tome and Principe,2024-05-04
100000046,Tiffany Barnes,brobinson@johnson-rogers.biz,Saint Kitts and Nevis,2023-11-12
100000047,Tamara Hooper,qvargas@miller.com,Tonga,2024-06-29
100000048,David Murphy,matthew64@yahoo.com,El Salvador,2025-04-15
100000049,Alec Ryan,debraharrington@hotmail.com,Armenia,2025-02-11
